index	compound	sentence	expected_order	time
0	黑箱	所有领导人由少数人闭门决定，完全黑箱作业。	['29824057753.png', '40892042938.png', '22375425421.png', '23086440420.png', '95235295557.png']	33.17170715332031
1	黑箱	第二，缺乏严格的程序性审查，导致很多加分通过黑箱操作等不正当的手段来获取。	['40892042938.png', '29824057753.png', '22375425421.png', '23086440420.png', '95235295557.png']	36.411635875701904
2	黑箱	对于客厅电脑来说 ，颜值与体积的重要性不言而喻 ，放置一个丑陋的黑箱子显得与整体风格格格不入 ，	"['2', '2', '[', ""'"", '3']"	29.90188455581665
3	黑箱	在这里，一改旧日的长方桌或者圆桌，而是用了小黑箱，与地板的燕子斑马条纹相衬，	"['2', '2', '[', ""'"", '3']"	66.60148477554321
4	谋生之道	我们每一个人不都需要知道正确的谋生之道吗?	['51989636373.png', '74217904944.png', '63783635329.png', '16821056139.png', '49289377128.png']	45.62633585929871
5	谋生之道	中餐馆，华人天然的谋生之道。	['63783635329.png', '49289377128.png', '51989636373.png', '74217904944.png', '16821056139.png']	42.63822889328003
6	谋生之道	谋生之道是《逸剑风云决》的一条支线任务，可以让玩家获取各种奖励来更好的完成主线任务。	"['5', '1', '[', ""'"", '9']"	40.94248414039612
7	道路反光标记	本实用新型提供一种自清洁道路反光标记,	"['6', '7', '[', ""'"", '4']"	43.77997350692749
8	道路反光标记	道路反光标记,包括片体及其上粘合的反光片,片体背面的连接件,	"['5', '9', '[', ""'"", '4']"	49.10217094421387
9	九牛一毛	看起来花了不少钱，但和赚的相比就是九牛一毛了。	['30206506042.png', '26510820913.png', '96038878319.png', '98490627148.png', '59731214310.png']	135.89358806610107
10	九牛一毛	这时的音乐版权尚在数万之间，对于网易这样的互联网巨头而言不过九牛一毛!	['96038878319.png', '30206506042.png', '26510820913.png', '59731214310.png', '98490627148.png']	39.3520736694336
11	千钧一发	眼看阿某就要摆脱包围圈，千钧一发之际，民警王子荣果断飞起右脚，踢向阿某的钢棍。	['30652490999.png', '79027994353.png', '38392588816.png', '97499700396.png', '12531541750.png']	53.69774293899536
12	千钧一发	鉴于天气的寒冷和形势的千钧一发，管平和李凯、李军果然决定往上游方向走，逆流施救。	['30652490999.png', '79027994353.png', '38392588816.png', '12531541750.png', '97499700396.png']	64.19674372673035
13	唱反调	这种和应试教育培训班完全“唱反调”的新鲜教育模式，有没有得到南京家长的认可？	['46506753952.png', '65271340779.png', '44855922733.png', '50030842230.png', '92220317928.png']	152.1273353099823
14	唱反调	三星近日开始与微软大力宣传推广Windows 10公开“唱反调”，表示暂时并不建议用户升级Windows 10系统。	['92220317928.png', '44855922733.png', '65271340779.png', '46506753952.png', '50030842230.png']	215.5083315372467
15	唱反调	他试着把曲调倒过来唱反调，这种唱法非常奇怪。	"['4', '4', '[', ""'"", '8']"	302.5926077365875
16	唱反调	他把乐谱倒过来唱反调，显得很滑稽。	['50030842230.png', '65271340779.png', '44855922733.png', '46506753952.png', '92220317928.png']	179.81237244606018
17	赃款	经过查证，李华波跨境转移赃款和伪造移民申请资料的有关证据被陆续提交给新加坡方面。	"['5', '1', '[', ""'"", '0']"	116.8723168373108
18	赃款	此外，犯罪分子多为临时起意，赃款基本用于日常消费。	"['5', '1', '[', ""'"", '0']"	173.8424153327942
19	一马当先	小将傅园慧在女子50米仰泳比赛中一马当先，以27秒66夺得金牌。	['62795327751.png', '86706855496.png', '12043968900.png', '17958411938.png', '56893993199.png']	116.76045751571657
20	一马当先	权重板块多数走高，钢铁行业板块一马当先。	['62795327751.png', '56893993199.png', '12043968900.png', '86706855496.png', '17958411938.png']	129.05912685394287
21	火上浇油	茶叶中含有茶碱，有升高体温的作用，发烧病人喝茶无异于“火上浇油”。	['17685905232.png', '18795659829.png', '93822989008.png', '99815969889.png', '97347444013.png']	122.86088919639587
22	火上浇油	官方的这份声明很明显的偏袒一方不仅无助于事态的平息，反而起到了火上浇油的反作用。	['97347444013.png', '17685905232.png', '93822989008.png', '18795659829.png', '99815969889.png']	54.125805616378784
23	火上浇油	他在火上浇油，火更旺了。	"['9', '3', '[', ""'"", '8']"	115.02018094062804
24	火上浇油	有位学生在做实验的时候不小心在火上浇油，实验失败了。	"['1', '7', '[', ""'"", '6']"	107.93277955055235
25	学院奖	"2007年11月，这一在全球金融业中领先的集中运营平台 ，被授予""中国管理学院奖"""	['15724359858.png', '26712162360.png', '49003627968.png', '19482454005.png', '13212394411.png']	110.73756074905396
26	学院奖	中国大学生广告艺术节学院奖启动仪式于2010年10月24日在南昌国际会展中心激情启动。	"['4', '9', '[', ""'"", '0']"	68.95915842056274
27	千锤百炼	中华传统诗文历经岁月淘洗、千锤百炼，成为中华文明的完美体现。	['40753958843.png', '67371624634.png', '20864949212.png', '68457856786.png', '14395733356.png']	225.305832862854
28	千锤百炼	写出初稿后，放一段时间，反复吟读，千锤百炼。	['20864949212.png', '40753958843.png', '67371624634.png', '68457856786.png', '14395733356.png']	51.9708776473999
29	天灾	在西藏旅行的危险，主要来自天灾，诸如塌方，暴风雪、大水、交通事故等因素。	"['5', '3', '[', ""'"", '3']"	129.58155035972595
30	天灾	日本福岛核电站事故，如果前期是天灾导致的话，这之后日本方面的处理措施，毋庸讳言，确实有些人祸祸害的因素在里面。	"['5', '3', '[', ""'"", '3']"	107.4252769947052
31	情感专栏作家	山哥，一位自媒体人，同时也是《知音网》的特约情感专栏作家	"['2', '3', '[', ""'"", '2']"	358.86204290390015
32	情感专栏作家	情感专栏作家舒平长期在齐鲁晚报“青未了”开设情感专栏，她的很多专栏文章被大批读者喜爱。	"['9', '0', '[', ""'"", '2']"	186.7800650596619
33	陈年旧事	很多陈年旧事却怎么也忘不掉，	['13370135195.png', '44836976486.png', '63917349907.png', '47910700532.png', '13497256708.png']	147.36779832839966
34	陈年旧事	陈年旧事，历历心头绕。	['44836976486.png', '13370135195.png', '63917349907.png', '47910700532.png', '13497256708.png']	210.53958582878116
35	风马牛不相及	当时，两个专业“风马牛不相及”，被生拉硬拽在一起，业内人士称之为“怪胎”。	['54966934795.png', '56793190111.png', '68952791921.png', '11167909096.png', '54769710607.png']	199.42229056358337
36	风马牛不相及	许多人都认为颈椎病和咽喉炎是风马牛不相及的事情	['56793190111.png', '54769710607.png', '68952791921.png', '11167909096.png', '54966934795.png']	121.71839809417725
37	纸上谈兵	拒绝纯粹培训学校，他们远离真实项目，纸上谈兵！	['16456095071.png', '84145997660.png', '79701349188.png', '94643478949.png', '63480023532.png']	88.894038438797
38	纸上谈兵	不抓落实，追赶超越就是纸上谈兵。	['79701349188.png', '84145997660.png', '94643478949.png', '16456095071.png', '63480023532.png']	142.4507839679718
39	产后抑郁症	从医学上来说， 产后抑郁症跟普通抑郁症的表征上有很多类似的地方，	"['9', '4', '[', ""'"", '1']"	79.68002390861511
40	产后抑郁症	心理治疗、药物治疗和物理治疗是防治产后抑郁症的有效方法。	"['6', '1', '[', ""'"", '5']"	104.89213943481444
41	动弹不得	在经济上则是被层层的封建剥削和殖民主义者的高利贷网束缚得动弹不得。	['48615004872.png', '13264818678.png', '38796196731.png', '77230121864.png', '59174138594.png']	54.650609731674194
42	动弹不得	因而投资者不妨提前1至2天赎回，免得资金“动弹不得”。	['48615004872.png', '77230121864.png', '38796196731.png', '13264818678.png', '59174138594.png']	193.9223201274872
43	动弹不得	两条腿的肌力分别只有1级和2级，困在轮椅里动弹不得。	"['3', '8', '[', ""'"", '7']"	32.408353090286255
44	动弹不得	车子在半米深的水中挣扎了半天，还是动弹不得。	"['3', '8', '[', ""'"", '7']"	114.09360456466676
45	熊市	目前指数仍正在熊市末期的寻底过时之中，投资者可耐心持币期待机遇。	['82339690852.png', '85129050537.png', '81633790636.png', '58767233313.png', '81992921885.png']	34.20719814300537
46	熊市	你熊市中不买股，牛市中卖什么呢？ ”	['82339690852.png', '85129050537.png', '58767233313.png', '81633790636.png', '81992921885.png']	40.39183712005615
47	熊市	动物园的熊市很热闹，那里生活着几只大熊。	"['8', '1', '[', ""'"", '6']"	53.532912731170654
48	熊市	这个熊市专卖小熊玩偶。	"['5', '8', '[', ""'"", '7']"	71.34858679771423
49	睡个美容觉	睡个美容觉对肌肤保养有着不可忽视的作用。	['32043331576.png', '89857554999.png', '50133125489.png', '16036857969.png', '86856486207.png']	33.97450232505798
50	睡个美容觉	经过多天的辛苦的加班后，她决定睡个美容觉。	['32043331576.png', '16036857969.png', '50133125489.png', '89857554999.png', '86856486207.png']	93.74262881278992
51	寻欢作乐	如果与权贵的寻欢作乐的声音交集在一起，那是一个难解之结。	['22228497489.png', '26542896673.png', '26613372663.png', '16933350335.png', '51181310701.png']	208.13401174545288
52	寻欢作乐	那一年，年轻的托尼斯塔克还在肆意而招摇的寻欢作乐，花天酒地。	['26613372663.png', '26542896673.png', '22228497489.png', '51181310701.png', '16933350335.png']	55.80511832237244
53	华而不实	言外之意，苹果过于华而不实了。	['88692275683.png', '58215381957.png', '28174152478.png', '30102013684.png', '95256083851.png']	40.30530333518982
54	华而不实	即服务于实用的目的，美才不至于偏离方向，滑向华而不实的轨道。	['28174152478.png', '95256083851.png', '88692275683.png', '30102013684.png', '58215381957.png']	29.190322637557983
55	伴郎	杨旭邀请了辽足小将王皓 、赵泓旭、宋琛和他的一位朋友为他担任伴郎。	"['3', '2', '[', ""'"", '7']"	53.86476683616638
56	伴郎	伴娘和伴郎人数都是相对应的，邀请了那么多的伴娘，伴郎不一定好找；	"['3', '2', '[', ""'"", '7']"	98.6696183681488
57	大局	所以看新区建设，还是要从城镇化发展的大局客观地评价得失。	['70067563286.png', '63741811181.png', '67990223652.png', '58619200128.png', '35211076979.png']	38.83508849143982
58	大局	每一个人都要强化和谐意识，进一步增强全局观念和大局意识，	['63741811181.png', '58619200128.png', '67990223652.png', '35211076979.png', '70067563286.png']	94.26653623580933
59	黄金生育年龄	由于女性的黄金生育年龄在23～30周岁之间为最佳时期，	['42671974211.png', '55675296928.png', '96809656906.png', '94590311205.png', '13964012841.png']	94.58494901657104
60	黄金生育年龄	女性黄金生育年龄在25 - 35岁,此时卵子数量多、质量高,胚胎发育潜能好。	['94590311205.png', '96809656906.png', '42671974211.png', '13964012841.png', '55675296928.png']	29.10167646408081
61	高屋建瓴	但最关键的还是要有高屋建瓴的目标。	['89253002720.png', '83140648741.png', '76781677360.png', '34090365312.png', '46260760960.png']	31.429768800735477
62	高屋建瓴	开头，形式新颖，别具一格，文字不多，却具有高屋建瓴的气势。	['46260760960.png', '83140648741.png', '76781677360.png', '34090365312.png', '89253002720.png']	43.73108172416687
63	黑市	人们担心，黑市规模庞大，令球迷更难以原价买到门票，也破坏了严格的主客场隔离规定，增加安全风险。	"['3', '4', '[', ""'"", '4']"	103.02925300598145
64	黑市	但有些人关注的并非足球本身，而是利润。球票已经在知名网站“Merrjep”的黑市上出售了。	['34457026645.png', '52983111739.png', '52312161386.png', '69967805441.png', '55681093226.png']	30.661235570907596
65	黑市	日本政府管制的商品种类越来越多，普通百姓能买到的数量却越来越少，自然而然地，催生了当局所不允许的私自交易，也即“黑市”。	"['3', '4', '[', ""'"", '4']"	31.062039613723755
66	黑市	如果把全世界的黑市归总为一个国家，那么这个“国家”会超过中国，成为仅次于美国的全球第二大经济体。	"['3', '4', '[', ""'"", '4']"	27.77229380607605
67	秘密行动	在过去的冷战时期，为了阻止中南美共产化，美国开展了多样且密集的秘密行动。	"['1', '1', '[', ""'"", '1']"	33.074832916259766
68	秘密行动	该媒体无法确定这些秘密行动的影响，也无法确定拜登政府是否保留了这项行动。	"['1', '1', '[', ""'"", '1']"	37.44538640975952
69	秘密行动	行动处，是“协调、去除冲突以及评估美国情报界秘密行动的国家主管部门	"['1', '1', '[', ""'"", '1']"	25.767449378967285
70	秘密行动	在迈阿密进行的一项秘密行动导致两人被捕，并查获了50公斤毒品。佛罗里达州的海岸是毒品贩运的关键区域。	"['1', '1', '[', ""'"", '1']"	47.428173303604126
71	互相推诿	政府职能部门不作为，互相推诿，一句话就让百姓跑断腿，该类问题如何应对？	['63395425951.png', '29618699566.png', '64315997906.png', '30922721891.png', '14013898186.png']	34.977834939956665
72	互相推诿	主播、商家、平台三方互相推诿“打太极”，迟迟没有给她一个满意的答复。	['29618699566.png', '63395425951.png', '64315997906.png', '14013898186.png', '30922721891.png']	32.31637024879456
73	互相推诿	小王和小李都不想干这件事，互相推诿谁去开会。	['63395425951.png', '29618699566.png', '64315997906.png', '30922721891.png', '14013898186.png']	37.37373757362366
74	互相推诿	面对突发情况，他们互相推诿，不愿意先出手帮忙。	['29618699566.png', '64315997906.png', '63395425951.png', '30922721891.png', '14013898186.png']	30.05789017677307
75	菩萨心肠	没有神仙手眼、英雄肝胆就驾驭不好药物；没有儿女性情、菩萨心肠就叩不开医者之门	['41755593497.png', '60751499134.png', '20919581630.png', '67058282031.png', '81950799313.png']	27.95055294036865
76	菩萨心肠	大家都知道她这个人是菩萨心肠，一见别人落泪心就软了。	['60751499134.png', '81950799313.png', '20919581630.png', '67058282031.png', '41755593497.png']	34.249603271484375
77	死胡同	这种想法似乎只会将我们引入死胡同。	['21888824781.png', '56904263597.png', '92675110697.png', '63992868407.png', '47730804870.png']	30.014786958694454
78	死胡同	他的理论使他进了死胡同。	['56904263597.png', '92675110697.png', '21888824781.png', '63992868407.png', '47730804870.png']	26.991823434829712
79	死胡同	前面是条死胡同，无路可通了。	"['2', '1', '[', ""'"", '8']"	40.78545880317688
80	死胡同	他家住在死胡同的底端，进出不是很方便。	"['2', '1', '[', ""'"", '8']"	29.36153197288513
81	贵族血统	当一辆车比养一匹马还便宜的时候，所谓的“贵族血统”就成了一个笑话。	['70317057163.png', '33692363996.png', '84298469539.png', '52941324175.png', '62817166096.png']	54.254836082458496
82	贵族血统	贵族血统沦落凡间？9分钟揭秘荣威从“英伦贵族”到自主品牌的沉浮之路	['70317057163.png', '62817166096.png', '84298469539.png', '33692363996.png', '52941324175.png']	38.47655248641968
83	贵族血统	一名出身英国名门、拥有贵族血统的37岁母亲，与她的丈夫最近被判处“严重过失导致婴孩死亡”罪名成立。	"['3', '3', '[', ""'"", '6']"	27.19875407218933
84	贵族血统	王姓多半有贵族血统	"['8', '4', '[', ""'"", '2']"	35.07994318008423
85	蓝图	“十四五”主要目标任务即将胜利完成，“十五五”时期发展蓝图已然擘画。	['33669684141.png', '62998003494.png', '49679618064.png', '16011893767.png', '57680564361.png']	33.755728006362915
86	蓝图	全会审议通过《中共中央关于制定国民经济和社会发展第十五个五年规划的建议》（以下简称《建议》），为“十五五”时期中国的发展擘画了蓝图。	['62998003494.png', '33669684141.png', '49679618064.png', '16011893767.png', '57680564361.png']	34.10007381439209
87	蓝图	在建筑工地、制造工厂或任何需要蓝图的工作中，图纸是项目在纸上的愿景，并结合了尽可能多的细节。	"['6', '2', '[', ""'"", '9']"	42.36874961853027
88	蓝图	阅读蓝图的重要性怎么强调都不为过，因为它是设计师、工程师、承包商和项目相关人员之间重要的沟通工具。	"['6', '2', '[', ""'"", '9']"	44.60887861251831
89	售票处	只需带着您的订单号到车站的售票处即可。	"['5', '2', '[', ""'"", '3']"	36.3917670249939
90	售票处	在售票处附近有公告说明火车到站及出站的时刻。	"['5', '2', '[', ""'"", '3']"	35.891199827194214
91	孔雀东南飞	“孔雀东南飞”困境加剧 西部高校如何留住人才	['20109023758.png', '97332761221.png', '96790065579.png', '93151689566.png', '82595475312.png']	27.59634280204773
92	孔雀东南飞	中国人口流动的孔雀东南飞现象仍在持续。	['20109023758.png', '97332761221.png', '96790065579.png', '93151689566.png', '82595475312.png']	32.792250871658325
93	孔雀东南飞	孔雀东南飞，五里一徘徊。	"['9', '6', '[', ""'"", '7']"	32.086514711380005
94	孔雀东南飞	《孔雀东南飞》主要记叙了刘兰芝嫁到焦家为焦母不容而被遣回娘家，兄逼其改嫁。	"['9', '6', '[', ""'"", '7']"	36.42470693588257
95	难于登天	当年技术不发达，要用血肉之躯“一锹一筐、肩挑背扛，开山劈岭、修堤筑坝”建设这样的工程，可谓是“难于登天”。	['18227071789.png', '97259135133.png', '64821226429.png', '53685009851.png', '75065900579.png']	27.06076192855835
96	难于登天	对很多人来说，这三件事中的每一件都是难于登天，而王永志却一路披荆斩棘，开创出中国人为之自豪的壮丽事业。	['53685009851.png', '97259135133.png', '18227071789.png', '64821226429.png', '75065900579.png']	33.9461088180542
97	脑筋急转弯	让垃圾分类真正落地，少不了因地制宜苦干巧干，少不了头脑风暴脑筋急转弯。	['90737209356.png', '35386941627.png', '93742736527.png', '11715827024.png', '42265613853.png']	29.43577551841736
98	脑筋急转弯	另一件垃圾分类“脑筋急转弯”，效果倒是已经立竿见影了。	['93742736527.png', '11715827024.png', '90737209356.png', '42265613853.png', '35386941627.png']	28.389315128326416
99	脑筋急转弯	脑筋急转弯是一种智力游戏，通常通过问一些出乎意料的问题，来考验人们的思维逻辑和应变能力。	['93742736527.png', '11715827024.png', '90737209356.png', '35386941627.png', '42265613853.png']	37.19868516921997
100	脑筋急转弯	脑筋急转弯不仅可以锻炼人们的思维逻辑能力，还可以提高人们的反应能力，帮助人们挑战传统思维框架，培养创新精神。	['90737209356.png', '11715827024.png', '93742736527.png', '42265613853.png', '35386941627.png']	33.81474995613098
101	厚颜无耻	我从未见过有如此厚颜无耻之人！	['82495885984.png', '83539424221.png', '45573532692.png', '31474743967.png', '11408847180.png']	164.70197701454163
102	厚颜无耻	这简直是厚颜无耻和无礼的行径。	['82495885984.png', '31474743967.png', '45573532692.png', '83539424221.png', '11408847180.png']	43.90846419334412
103	敲门砖	须知人生数百年，真正的学校教育经历不过短短十几二十年，不能让学历这块“敲门砖”变成厚厚的“石头”，堵住了人生的道路。	['49258537986.png', '63640174256.png', '88689317483.png', '16892855894.png', '79800671780.png']	34.39415979385376
104	敲门砖	得志诸公，目不睹坟典，不过少年持敲门砖，猎取功名，门既开，则弃去。	['88689317483.png', '79800671780.png', '49258537986.png', '63640174256.png', '16892855894.png']	25.015811920166016
105	敲门砖	他随手拾起一块砖，在木门上轻轻敲了两下，作为敲门砖提醒屋内的人。	"['8', '8', '[', ""'"", '6']"	38.92220449447632
106	敲门砖	村口那家老屋年久失修，门上没装门环，来客常随手找块敲门砖拍几下，屋里人就知道有人来了。	"['8', '8', '[', ""'"", '6']"	33.96558141708374
107	碰壁	碰壁，是因为你眼中只有自己。	['95539174273.png', '60641193140.png', '11260896399.png', '97257301279.png', '95673327900.png']	39.32767820358277
108	碰壁	唱衰中国，只会在事实面前反复碰壁	['95539174273.png', '97257301279.png', '11260896399.png', '95673327900.png', '60641193140.png']	38.172499656677246
109	碰壁	你想，四周黑洞洞的，还不容易碰壁么？	['11260896399.png', '97257301279.png', '95539174273.png', '95673327900.png', '60641193140.png']	29.44212293624878
110	碰壁	你怎么会碰壁呢？是不是走路不小心？	"['1', '1', '[', ""'"", '2']"	28.724408388137817
111	加分	什么是简历上的加分项呢？也就是简历上锦上添花的东西，简单一句话概括就是你会做什么，做的怎么样。	['46263339705.png', '86194313490.png', '48841962709.png', '90039429370.png', '66262552721.png']	37.81769251823425
112	加分	别慌！职场虽不是考场，却到处都是隐形的加分题。	['46263339705.png', '66262552721.png', '86194313490.png', '48841962709.png', '90039429370.png']	38.010284423828125
113	加分	风行高考30年的全国性加分项目，自2018年之后画上句号。	"['4', '6', '[', ""'"", '2']"	37.04009127616882
114	加分	加分政策不仅仅意味着对某些群体的特殊照顾，更关乎教育公平。	"['4', '6', '[', ""'"", '2']"	49.342686891555786
115	牛市	伴随着新能源产业的快速发展，整个清洁能源板块迎来了‘牛市’行情，投资者信心大增。	['39479397108.png', '12872477226.png', '37407579475.png', '19911317897.png', '98992561631.png']	37.255642890930176
116	牛市	在互联网＋政策推动下，该行业迎来了历史性的牛市，不仅吸引了资本，也带动了大量人才流入。	['37407579475.png', '98992561631.png', '39479397108.png', '19911317897.png', '12872477226.png']	28.861305713653564
117	牛市	在牛市中，资产价格总体呈现上升趋势，通常持续数月甚至数年。	['39479397108.png', '12872477226.png', '37407579475.png', '98992561631.png', '19911317897.png']	30.57492613792419
118	牛市	牛市的典型特征是投资者情绪高涨：随着更多投资者被市场吸引，买入行为会显著增加，股票需求上升进而推动价格走高。	['37407579475.png', '12872477226.png', '39479397108.png', '19911317897.png', '98992561631.png']	35.16097140312195
119	有喜了	马筱梅承认有喜，自曝隐瞒原因	['96916174504.png', '75965009782.png', '71022748472.png', '11929700175.png', '93856003684.png']	30.761855602264404
120	有喜了	朱婷又一老队友有喜了！	['96916174504.png', '71022748472.png', '11929700175.png', '75965009782.png', '93856003684.png']	37.78337931632996
121	有喜了	“家有喜事，提前放假！”广东一餐馆老板因门上张贴的喜报走红	['96916174504.png', '71022748472.png', '11929700175.png', '93856003684.png', '75965009782.png']	36.15467476844788
122	有喜了	开门有好运，出入见欢喜，有喜就有开门红。	['96916174504.png', '71022748472.png', '75965009782.png', '11929700175.png', '93856003684.png']	28.92052745819092
123	劳碌命	一个人是不是劳碌命并不是命运注定，而是取决于个人性格	['59923609939.png', '84694071311.png', '13350421755.png', '76007877425.png', '49398320558.png']	30.40056133270264
124	劳碌命	焦虑就是劳碌命的最普遍表现	['13350421755.png', '59923609939.png', '84694071311.png', '76007877425.png', '49398320558.png']	91.64578771591188
125	劳碌命	那么从八字命理上如何来看劳碌命呢？劳碌命有何特征？	['13350421755.png', '59923609939.png', '84694071311.png', '76007877425.png', '49398320558.png']	40.12521553039551
126	劳碌命	在八字命理学中，劳碌命的八字特征主要体现在以下几个方面	['59923609939.png', '84694071311.png', '13350421755.png', '76007877425.png', '49398320558.png']	67.2204954624176
127	勤劳的小蜜蜂	新就业群体被誉为“勤劳的小蜜蜂”，是“美好生活的创造者、守护者”。	['51762523549.png', '69669297463.png', '45215412300.png', '76751266015.png', '70872537694.png']	94.4218487739563
128	勤劳的小蜜蜂	这几年，我一直牢记着总书记的话，努力做一只勤劳的小蜜蜂。	['45215412300.png', '51762523549.png', '76751266015.png', '69669297463.png', '70872537694.png']	89.30036115646362
129	勤劳的小蜜蜂	勤劳的小蜜蜂在花丛中飞来飞去，采着花粉，忙着酿造甜甜的蜂蜜。	"['4', '5', '[', ""'"", '2']"	111.58929657936096
130	勤劳的小蜜蜂	阳光下，勤劳的小蜜蜂一刻也不停歇，嗡嗡地飞向一朵又一朵花。	"['4', '5', '[', ""'"", '2']"	120.65476512908936
131	一团乱麻	G7各国一团乱麻，“自由世界”麻烦大了	['25474583024.png', '17226113690.png', '77743713267.png', '53302174564.png', '16727646516.png']	26.958685636520386
132	一团乱麻	然而，前任泰国政府所设想的“赢麻了”的美好愿景之下，却是一团乱麻。	['17226113690.png', '16727646516.png', '77743713267.png', '25474583024.png', '53302174564.png']	109.09585571289062
133	一团乱麻	他打开旧箱子，发现里面压着一团乱麻似的破旧麻绳，解也解不开。	"['1', '6', '[', ""'"", '7']"	277.9068877696991
134	一团乱麻	车库角落里堆着几根旧麻线，缠成一团乱麻，让人都不敢轻动。	"['7', '7', '[', ""'"", '7']"	33.22476410865784
135	摇钱树	摇钱树是中国古代神话传说中能生长出铜钱的神树，而且在取钱后还能如韭菜般的反复生长，取之不尽、用之不竭。	"['7', '3', '[', ""'"", '3']"	40.83162379264832
136	摇钱树	古钱币摇钱树，这一富有神秘色彩和民间传说的物件，在中国传统文化中占据着特殊地位。	"['7', '3', '[', ""'"", '3']"	26.80562257766724
137	摇钱树	20 年前房子是摇钱树，现在的房子或将成为中国人的累赘和噩梦	['83583521480.png', '59733468950.png', '73388083038.png', '67008477690.png', '40755526442.png']	36.67407870292664
138	摇钱树	中国楼市不能成为“摇钱树”，房子回归居住属性才是正道。	['83583521480.png', '40755526442.png', '73388083038.png', '59733468950.png', '67008477690.png']	41.184653520584106
139	连锁反应	一个超级大国的保护主义政策已引发连锁反应，可能彻底颠覆全球经济地理格局。	['90032769615.png', '17059948854.png', '76178228177.png', '80580433141.png', '84645431254.png']	37.88695907592773
140	连锁反应	降息 一场影响普通人生活的经济连锁反应	['76178228177.png', '90032769615.png', '80580433141.png', '84645431254.png', '17059948854.png']	54.54314088821411
141	连锁反应	在连锁反应中，正反馈会导致一连串自我放大的事件。	"['9', '0', '[', ""'"", '0']"	825.9393255710602
142	连锁反应	连锁反应，是指反应的产物或副产物又可作为其他反应的原料，从而使反应反复发生。	"['7', '6', '[', ""'"", '1']"	974.044128894806
143	小抄	写代码的时候突然想不起了语法、代码片段、命令，这个时候小抄（速查表）可以发挥奇效！	['94918325169.png', '86924643836.png', '95148492311.png', '28353835520.png', '46693656403.png']	894.264571428299
144	小抄	希望本期的这些开源项目能给你的小抄本增加一些内容，又或者在使用方式的便利上提供一些思路，从而构建出最适合自己、最趁手的“神兵利器”！	['95148492311.png', '46693656403.png', '28353835520.png', '94918325169.png', '86924643836.png']	37.6429398059845
145	小抄	考试打小抄的17种套路，看得我都想试试	['94918325169.png', '28353835520.png', '95148492311.png', '86924643836.png', '46693656403.png']	35.9022216796875
146	小抄	月考才发现大家对小抄的需求量很大啊。	"['9', '5', '[', ""'"", '1']"	77.87400555610657
147	画蛇添足	简历已经很好，如果再加这些内容，恐怕是画蛇添足。	['37916624504.png', '48411095324.png', '35987474946.png', '34644445128.png', '49602188584.png']	47.125643491745
148	画蛇添足	材料都备齐了，你再添一样，只是画蛇添足。	['37916624504.png', '49602188584.png', '35987474946.png', '34644445128.png', '48411095324.png']	56.587682008743286
149	画蛇添足	他在美术课上认真画了一条蛇，最后却又给蛇添上四条腿，老师摇头说这是在画蛇添足。	['35987474946.png', '37916624504.png', '34644445128.png', '48411095324.png', '49602188584.png']	46.030022382736206
150	画蛇添足	在少儿教材中，有一页插图写着‘画蛇添足’：孩子们先画一条蜿蜒的蛇，再给它添了脚，直观展示成语的原始形象。	['35987474946.png', '49602188584.png', '34644445128.png', '37916624504.png', '48411095324.png']	32.68651342391968
151	命悬一线	"皇台酒业""披星戴帽""成常态 业绩命悬一线迷途难觅出路"	['33655775586.png', '57705724820.png', '21224907367.png', '90017977651.png', '55918311676.png']	34.90067958831787
152	命悬一线	退市命悬一线！这家公司连续18天低于面值	['90017977651.png', '33655775586.png', '21224907367.png', '57705724820.png', '55918311676.png']	39.86916160583496
153	命悬一线	出生仅40余小时的婴儿命悬一线——如果不能及时找到相配的Rh阴性血换血，小生命将永远失去健康的大脑。	['21224907367.png', '55918311676.png', '33655775586.png', '57705724820.png', '90017977651.png']	49.96247339248657
154	命悬一线	网传汶川地震救人小英雄陈浩遇车祸现命悬一线	['55918311676.png', '33655775586.png', '21224907367.png', '57705724820.png', '90017977651.png']	85.69809579849243
155	天书	这封信字太潦草，像天书似的。	['82247342710.png', '47408616588.png', '33923226725.png', '84037971043.png', '74711776790.png']	43.43661570549011
156	天书	妹妹近日愈发进了，看起天书来了。	['33923226725.png', '82247342710.png', '47408616588.png', '74711776790.png', '84037971043.png']	39.65049195289612
157	天书	天书屡降，手敕仍存。	['47408616588.png', '33923226725.png', '82247342710.png', '74711776790.png', '84037971043.png']	46.29559302330017
158	天书	仁宗以天书殉葬山陵，呜呼贤哉！	"['8', '2', '[', ""'"", '2']"	48.66991996765137
159	欣喜若狂	西班牙成功卫冕 球迷欣喜若狂	['97939126372.png', '89369085450.png', '79432523119.png', '29302812537.png', '71242697467.png']	223.483868598938
160	欣喜若狂	敌人为抓到一名红军师长而欣喜若狂，立即将他押往长沙。	['97939126372.png', '29302812537.png', '79432523119.png', '71242697467.png', '89369085450.png']	245.9611632823944
161	欣喜若狂	我欣喜若狂，在松软的土壤上追捕着体型肥硕的蟋蟀。	['97939126372.png', '29302812537.png', '79432523119.png', '89369085450.png', '71242697467.png']	112.45510935783386
162	欣喜若狂	我欣喜若狂。这是一次改变人生的经历。	['97939126372.png', '79432523119.png', '29302812537.png', '71242697467.png', '89369085450.png']	116.32116270065308
163	杯水车薪	向加沙地带空投或海运人道主义救援物资只是“杯水车薪”。	['43223635416.png', '97581722340.png', '88844994786.png', '10516881044.png', '19326651842.png']	51.21329164505005
164	杯水车薪	行政院的880亿元协助方案，对产业长期发展仅是杯水车薪	['88844994786.png', '43223635416.png', '97581722340.png', '10516881044.png', '19326651842.png']	85.63816165924072
165	杯水车薪	面对烧着的柴堆，他拿起一杯水泼了上去，火焰几乎未减分毫，简直就是现实中的‘杯水车薪’。	['43223635416.png', '19326651842.png', '10516881044.png', '97581722340.png', '88844994786.png']	46.60748291015625
166	杯水车薪	他手里只拿着半瓶水，对着熊熊火焰泼去，场面就像‘杯水车薪’。	['43223635416.png', '19326651842.png', '97581722340.png', '88844994786.png', '10516881044.png']	52.04584288597107
167	临阵脱逃	国家公务员局相关负责人昨日透露，有36万考生“临阵脱逃”自动放弃了考试。	['90927893976.png', '80767057976.png', '58358334039.png', '49752844525.png', '90625933235.png']	52.73716592788696
168	临阵脱逃	担心不行走人 司法考试首日2000人临阵脱逃	['58358334039.png', '90927893976.png', '80767057976.png', '49752844525.png', '90625933235.png']	43.3909215927124
169	临阵脱逃	在法，初逃者从重捆打，再逃则斩矣；临阵脱逃，初次即斩矣，亦求免其怨乎？	"['9', '0', '[', ""'"", '9']"	54.828391790390015
170	临阵脱逃	不是半途溃散,便是临阵脱逃。	['90927893976.png', '80767057976.png', '58358334039.png', '49752844525.png', '90625933235.png']	46.85188031196594
171	给脸色看	别人不是我们的至亲，不可能总是给我们好脸色看。	['58933960137.png', '58752327278.png', '32539256395.png', '33918707897.png', '64013390253.png']	43.51105761528015
172	给脸色看	只要看某个人不顺眼，就会对他臭脸相迎，不会给别人好脸色看。	['58933960137.png', '33918707897.png', '32539256395.png', '58752327278.png', '64013390253.png']	38.18411374092102
173	给脸色看	演员要会‘给脸色看’，这是一种情绪传达的训练。	['58752327278.png', '32539256395.png', '58933960137.png', '33918707897.png', '64013390253.png']	50.470826148986816
174	给脸色看	孩子表演时紧张，老师笑着说：‘放松一点，给观众点好脸色看。’	"['5', '8', '[', ""'"", '7']"	41.1108078956604
175	突然戒断	茶中的咖啡因会刺激中枢神经系统，长期饮用后突然戒断可能导致血管扩张，引发头疼	"['9', '1', '[', ""'"", '0']"	43.46086096763611
176	突然戒断	逐步减少用量，避免突然戒断	"['9', '1', '[', ""'"", '0']"	38.2124285697937
177	突然戒断	长期大量饮酒者突然戒断时，身体可能出现交感神经兴奋（如心跳加快、出汗等），导致血管收缩、血压短暂升高。	"['9', '1', '[', ""'"", '0']"	43.827059745788574
178	突然戒断	未经医学评估的突然戒断可能引发致命并发症（如谵妄震颤）。	"['9', '1', '[', ""'"", '0']"	45.28159689903259
